airline,date_of_journey,source,destination,dep_time,arrival_time,duration,total_stops,additional_info,price
Jet Airways,2019-05-24,Kolkata,Banglore,14:05:00,04:40:00,875,1.0,In-flight meal not included,8586
Jet Airways,2019-05-15,Kolkata,Banglore,09:35:00,19:10:00,575,1.0,No Info,13067
Air India,2019-06-15,Delhi,Cochin,10:00:00,19:15:00,555,1.0,No Info,11241
Jet Airways,2019-05-06,Banglore,Delhi,15:15:00,18:10:00,175,0.0,No Info,7229
Air India,2019-03-06,Mumbai,Hyderabad,09:40:00,15:15:00,1775,2.0,No Info,25139
Jet Airways,2019-03-27,Delhi,Cochin,11:30:00,18:50:00,440,1.0,In-flight meal not included,6017
Jet Airways,2019-05-09,Delhi,Cochin,09:00:00,19:00:00,600,1.0,No Info,15554
Multiple Carriers,2019-05-18,Delhi,Cochin,17:30:00,01:30:00,480,1.0,No Info,13727
Jet Airways,2019-03-01,Banglore,New Delhi,14:05:00,08:15:00,1090,1.0,No Info,22270
Indigo,2019-04-18,Banglore,Delhi,10:10:00,13:00:00,170,0.0,No Info,4591
Jet Airways,2019-05-12,Kolkata,Banglore,18:55:00,04:40:00,585,1.0,No Info,14388
Jet Airways,2019-06-03,Mumbai,Hyderabad,19:35:00,21:05:00,90,0.0,In-flight meal not included,3210
Spicejet,2019-03-15,Banglore,New Delhi,09:35:00,12:30:00,175,0.0,No Info,6309
Indigo,2019-06-09,Kolkata,Banglore,21:00:00,02:15:00,315,1.0,No Info,6911
Jet Airways,2019-05-01,Kolkata,Banglore,08:25:00,19:50:00,685,1.0,No Info,14781
Air Asia,2019-03-09,Delhi,Cochin,16:45:00,07:10:00,865,1.0,No Info,8327
Jet Airways,2019-05-18,Delhi,Cochin,22:50:00,04:25:00,335,1.0,In-flight meal not included,12373
Air India,2019-06-12,Kolkata,Banglore,16:45:00,08:55:00,970,2.0,No Info,14960
Jet Airways,2019-06-21,Mumbai,Hyderabad,10:20:00,11:50:00,90,0.0,In-flight meal not included,4995
Multiple Carriers,2019-03-21,Delhi,Cochin,07:30:00,19:15:00,705,1.0,No Info,10161
Vistara,2019-05-01,Chennai,Kolkata,17:45:00,20:05:00,140,0.0,No Info,11982
Jet Airways,2019-03-12,Banglore,New Delhi,07:00:00,23:00:00,960,1.0,No Info,13817
Air Asia,2019-04-01,Kolkata,Banglore,07:35:00,19:25:00,710,1.0,No Info,5192
Jet Airways,2019-04-01,Kolkata,Banglore,16:30:00,23:35:00,425,1.0,No Info,12681
Jet Airways,2019-03-15,Banglore,New Delhi,05:45:00,15:15:00,570,1.0,In-flight meal not included,9134
Air Asia,2019-05-27,Delhi,Cochin,16:45:00,06:35:00,830,1.0,No Info,6752
Vistara,2019-04-18,Delhi,Cochin,06:00:00,09:10:00,190,0.0,No Info,6741
Air India,2019-06-06,Kolkata,Banglore,12:00:00,18:30:00,1830,2.0,No Info,9626
Multiple Carriers,2019-06-12,Delhi,Cochin,08:50:00,19:00:00,610,1.0,No Info,10877
Jet Airways,2019-05-01,Delhi,Cochin,19:10:00,19:00:00,1430,2.0,No Info,15129
Air India,2019-03-01,Banglore,New Delhi,17:00:00,19:45:00,165,0.0,No Info,25913
Jet Airways,2019-05-06,Kolkata,Banglore,20:00:00,12:00:00,960,1.0,In-flight meal not included,9663
Jet Airways,2019-06-12,Kolkata,Banglore,20:25:00,10:55:00,870,1.0,No Info,12692
Indigo,2019-06-12,Banglore,Delhi,04:00:00,06:50:00,170,0.0,No Info,3943
Jet Airways,2019-03-24,Mumbai,Hyderabad,10:20:00,11:50:00,90,0.0,No Info,5678
Indigo,2019-06-24,Delhi,Cochin,18:35:00,01:30:00,415,1.0,No Info,5883
Multiple Carriers,2019-06-12,Delhi,Cochin,07:05:00,16:10:00,545,1.0,No Info,9646
Jet Airways,2019-05-09,Kolkata,Banglore,10:20:00,17:35:00,435,1.0,No Info,8355
Goair,2019-04-03,Banglore,Delhi,07:45:00,10:40:00,175,0.0,No Info,4239
Jet Airways,2019-05-18,Kolkata,Banglore,14:05:00,23:35:00,570,1.0,In-flight meal not included,10844
Indigo,2019-05-09,Kolkata,Banglore,08:10:00,13:00:00,290,1.0,No Info,5069
Air India,2019-03-12,Banglore,New Delhi,06:45:00,20:35:00,830,1.0,No Info,12127
Indigo,2019-03-09,Banglore,New Delhi,04:00:00,06:50:00,170,0.0,No Info,4777
Multiple Carriers,2019-05-27,Delhi,Cochin,09:00:00,19:15:00,615,1.0,In-flight meal not included,10197
Air India,2019-03-27,Delhi,Cochin,10:00:00,19:15:00,555,1.0,No Info,6902
Indigo,2019-06-12,Delhi,Cochin,17:10:00,01:30:00,500,1.0,No Info,5883
Jet Airways,2019-05-12,Kolkata,Banglore,06:30:00,18:15:00,705,1.0,No Info,14781
Jet Airways,2019-06-01,Banglore,Delhi,18:55:00,22:00:00,185,0.0,In-flight meal not included,7229
Jet Airways,2019-05-15,Kolkata,Banglore,16:30:00,23:35:00,425,1.0,No Info,13941
Jet Airways,2019-06-01,Delhi,Cochin,09:00:00,04:25:00,1165,1.0,In-flight meal not included,10262
Indigo,2019-05-27,Delhi,Cochin,14:25:00,17:40:00,195,0.0,No Info,6015
Jet Airways,2019-06-06,Delhi,Cochin,14:00:00,04:25:00,865,1.0,No Info,14714
Air India,2019-06-15,Banglore,Delhi,17:00:00,19:45:00,165,0.0,No Info,7171
Spicejet,2019-04-01,Delhi,Cochin,17:55:00,22:50:00,295,1.0,No Info,4957
Jet Airways,2019-05-09,Delhi,Cochin,02:15:00,12:35:00,620,1.0,No Info,15851
Indigo,2019-05-24,Banglore,Delhi,01:30:00,04:15:00,165,0.0,No Info,3419
Jet Airways,2019-03-01,Banglore,New Delhi,05:45:00,18:25:00,760,1.0,No Info,26890
Indigo,2019-05-12,Banglore,Delhi,08:30:00,11:20:00,170,0.0,No Info,5740
Spicejet,2019-05-21,Chennai,Kolkata,17:45:00,20:05:00,140,0.0,No Info,3597
Air India,2019-05-12,Kolkata,Banglore,20:45:00,23:20:00,155,0.0,No Info,4880
Air India,2019-06-12,Kolkata,Banglore,05:50:00,08:55:00,1625,2.0,No Info,12723
Indigo,2019-05-18,Chennai,Kolkata,19:35:00,21:55:00,140,0.0,No Info,3597
Spicejet,2019-03-24,Banglore,New Delhi,20:30:00,23:20:00,170,0.0,No Info,3925
Multiple Carriers,2019-03-27,Delhi,Cochin,07:05:00,13:20:00,375,1.0,No Info,12537
Jet Airways,2019-05-06,Kolkata,Banglore,18:55:00,08:15:00,800,1.0,In-flight meal not included,7757
Jet Airways,2019-06-06,Kolkata,Banglore,20:00:00,18:15:00,1335,1.0,In-flight meal not included,10844
Jet Airways,2019-05-09,Kolkata,Banglore,16:30:00,10:05:00,1055,1.0,In-flight meal not included,8586
Jet Airways,2019-06-15,Delhi,Cochin,09:25:00,04:25:00,1140,2.0,No Info,13882
Vistara,2019-05-06,Banglore,Delhi,07:00:00,09:40:00,160,0.0,No Info,4668
Indigo,2019-05-24,Kolkata,Banglore,11:30:00,14:05:00,155,0.0,No Info,5224
Multiple Carriers,2019-05-27,Delhi,Cochin,07:05:00,22:30:00,925,1.0,No Info,9856
Indigo,2019-04-15,Banglore,Delhi,07:10:00,10:05:00,175,0.0,No Info,4823
Jet Airways,2019-03-09,Banglore,New Delhi,08:00:00,10:25:00,1585,1.0,In-flight meal not included,11087
Air India,2019-06-12,Delhi,Cochin,20:30:00,23:00:00,1590,1.0,No Info,8907
Jet Airways,2019-04-01,Kolkata,Banglore,20:25:00,22:05:00,1540,1.0,No Info,12121
Air India,2019-05-09,Delhi,Cochin,20:40:00,09:25:00,765,1.0,No Info,7480
Spicejet,2019-05-24,Banglore,Delhi,05:55:00,08:35:00,160,0.0,No Info,3311
Jet Airways,2019-06-09,Delhi,Cochin,19:45:00,12:35:00,1010,1.0,In-flight meal not included,10577
Multiple Carriers,2019-05-18,Delhi,Cochin,04:55:00,12:35:00,460,1.0,No Info,8882
Jet Airways,2019-05-15,Kolkata,Banglore,18:55:00,08:15:00,800,1.0,No Info,14388
Air India,2019-03-03,Banglore,New Delhi,11:05:00,22:10:00,2105,2.0,No Info,11791
Jet Airways,2019-06-09,Delhi,Cochin,07:05:00,12:35:00,330,1.0,In-flight meal not included,10262
Air India,2019-05-15,Kolkata,Banglore,09:10:00,04:40:00,1170,2.0,No Info,6117
Air India,2019-06-09,Delhi,Cochin,06:05:00,09:25:00,1640,1.0,No Info,7690
Air India,2019-03-24,Kolkata,Banglore,14:35:00,14:35:00,1440,1.0,No Info,6241
Jet Airways,2019-05-01,Kolkata,Banglore,14:05:00,08:15:00,1090,1.0,In-flight meal not included,8586
Vistara,2019-06-01,Delhi,Cochin,06:00:00,09:10:00,190,0.0,No Info,6741
Indigo,2019-05-21,Delhi,Cochin,09:15:00,21:00:00,705,1.0,No Info,7318
Jet Airways,2019-06-27,Mumbai,Hyderabad,07:05:00,08:30:00,85,0.0,In-flight meal not included,4995
Air India,2019-05-09,Delhi,Cochin,14:25:00,19:15:00,1730,2.0,No Info,13591
Air India,2019-06-18,Mumbai,Hyderabad,13:55:00,15:25:00,90,0.0,No Info,3100
Jet Airways,2019-05-24,Banglore,Delhi,15:15:00,18:10:00,175,0.0,In-flight meal not included,4544
Vistara,2019-05-15,Kolkata,Banglore,17:00:00,10:45:00,1065,1.0,No Info,8452
Indigo,2019-06-27,Delhi,Cochin,08:35:00,22:30:00,835,1.0,No Info,6442
Indigo,2019-05-15,Banglore,Delhi,10:10:00,13:00:00,170,0.0,No Info,3943
Air India,2019-03-27,Chennai,Kolkata,11:40:00,13:55:00,135,0.0,No Info,3145
Jet Airways,2019-06-03,Delhi,Cochin,17:30:00,04:25:00,655,1.0,In-flight meal not included,10262
Air India,2019-05-24,Kolkata,Banglore,19:00:00,04:40:00,580,1.0,No Info,6327
Jet Airways,2019-06-12,Kolkata,Banglore,14:05:00,23:35:00,570,1.0,In-flight meal not included,9899
Air India,2019-05-01,Kolkata,Banglore,07:00:00,05:25:00,1345,2.0,No Info,14424
Jet Airways,2019-06-12,Kolkata,Banglore,14:05:00,09:20:00,1155,1.0,In-flight meal not included,8529
Spicejet,2019-05-21,Banglore,Delhi,21:10:00,00:05:00,175,0.0,No check-in baggage included,3573
Jet Airways,2019-06-24,Delhi,Cochin,23:05:00,12:35:00,810,2.0,No Info,12819
Spicejet,2019-04-01,Delhi,Cochin,08:45:00,13:15:00,270,1.0,No Info,4812
Jet Airways,2019-05-09,Kolkata,Banglore,09:35:00,22:05:00,750,1.0,No Info,14151
Jet Airways,2019-05-27,Delhi,Cochin,09:00:00,19:00:00,600,1.0,No Info,16079
Jet Airways,2019-05-03,Banglore,Delhi,07:10:00,10:10:00,180,0.0,No Info,7229
Air India,2019-06-06,Delhi,Cochin,16:55:00,19:15:00,1580,2.0,No Info,13591
Multiple Carriers,2019-05-27,Delhi,Cochin,09:45:00,16:10:00,385,1.0,No Info,10486
Spicejet,2019-06-06,Kolkata,Banglore,11:35:00,18:50:00,435,1.0,No Info,8479
Multiple Carriers,2019-06-12,Delhi,Cochin,13:05:00,22:30:00,565,1.0,No Info,9646
Goair,2019-04-18,Banglore,Delhi,20:55:00,23:40:00,165,0.0,No Info,5048
Goair,2019-03-03,Banglore,New Delhi,11:40:00,14:35:00,175,0.0,No Info,7646
Multiple Carriers,2019-05-27,Delhi,Cochin,08:45:00,19:15:00,630,1.0,No Info,10051
Jet Airways,2019-06-06,Delhi,Cochin,16:00:00,04:25:00,745,1.0,In-flight meal not included,10262
Jet Airways,2019-03-21,Delhi,Cochin,13:00:00,18:50:00,350,1.0,No Info,12347
Jet Airways,2019-06-03,Delhi,Cochin,09:00:00,19:00:00,600,1.0,No Info,14714
Air Asia,2019-05-12,Banglore,Delhi,11:10:00,13:55:00,165,0.0,No Info,3383
Spicejet,2019-04-15,Banglore,Delhi,05:55:00,08:35:00,160,0.0,No Info,4423
Multiple Carriers,2019-05-15,Delhi,Cochin,03:50:00,19:00:00,910,1.0,No Info,10197
Jet Airways,2019-04-27,Banglore,Delhi,11:10:00,14:05:00,175,0.0,No Info,7229
Indigo,2019-06-27,Banglore,Delhi,16:55:00,19:55:00,180,0.0,No Info,4823
Air India,2019-05-21,Delhi,Cochin,09:30:00,23:00:00,810,1.0,No Info,8907
Air India,2019-04-01,Mumbai,Hyderabad,06:20:00,07:40:00,80,0.0,No Info,3100
Spicejet,2019-05-12,Kolkata,Banglore,11:35:00,18:50:00,435,1.0,No Info,8479
Air India,2019-03-15,Mumbai,Hyderabad,15:00:00,16:25:00,85,0.0,No Info,2050
Air India,2019-03-21,Banglore,New Delhi,08:15:00,08:50:00,1475,1.0,No Info,4943
Air India,2019-05-09,Delhi,Cochin,05:00:00,19:15:00,2295,2.0,No Info,9653
Air India,2019-04-21,Delhi,Cochin,20:30:00,23:00:00,1590,1.0,No Info,7174
Multiple Carriers,2019-03-27,Delhi,Cochin,06:00:00,15:30:00,570,1.0,No Info,7845
Jet Airways,2019-05-12,Mumbai,Hyderabad,07:05:00,08:30:00,85,0.0,In-flight meal not included,4050
Air India,2019-03-06,Mumbai,Hyderabad,10:00:00,23:45:00,825,1.0,No Info,11678
Goair,2019-04-15,Banglore,Delhi,07:45:00,10:40:00,175,0.0,No Info,4632
Air Asia,2019-05-18,Delhi,Cochin,16:45:00,07:10:00,865,1.0,No Info,7353
Spicejet,2019-06-27,Kolkata,Banglore,09:00:00,11:25:00,145,0.0,No Info,3873
Air India,2019-04-15,Banglore,Delhi,21:05:00,23:55:00,170,0.0,No Info,5228
Indigo,2019-03-03,Mumbai,Hyderabad,12:00:00,13:25:00,85,0.0,No Info,5755
Air India,2019-03-12,Banglore,New Delhi,17:25:00,23:25:00,1800,2.0,No Info,12725
Air India,2019-03-21,Delhi,Cochin,08:00:00,19:15:00,675,1.0,No Info,7199
Air Asia,2019-06-21,Kolkata,Banglore,19:55:00,22:25:00,150,0.0,No Info,4107
Air India,2019-06-03,Delhi,Cochin,09:45:00,09:25:00,1420,2.0,No Info,10975
Air India,2019-05-15,Kolkata,Banglore,19:00:00,04:40:00,580,1.0,No Info,6117
Multiple Carriers,2019-05-18,Delhi,Cochin,08:45:00,21:00:00,735,1.0,No Info,7670
Multiple Carriers,2019-03-21,Delhi,Cochin,17:30:00,01:35:00,485,1.0,No Info,13542
Vistara,2019-06-06,Delhi,Cochin,06:00:00,09:10:00,190,0.0,No Info,6216
Air India,2019-03-24,Kolkata,Banglore,09:25:00,05:35:00,1210,2.0,No Info,12352
Jet Airways,2019-06-12,Delhi,Cochin,11:45:00,12:35:00,1490,2.0,No Info,13882
Air India,2019-06-03,Delhi,Cochin,14:10:00,17:10:00,180,0.0,No Info,6934
Jet Airways,2019-05-18,Kolkata,Banglore,20:25:00,19:10:00,1365,1.0,No Info,14151
Jet Airways,2019-04-01,Kolkata,Banglore,18:55:00,16:20:00,1285,1.0,In-flight meal not included,7064
Jet Airways,2019-06-06,Delhi,Cochin,05:30:00,12:35:00,425,2.0,In-flight meal not included,13344
Indigo,2019-05-24,Banglore,Delhi,22:10:00,01:00:00,170,0.0,No Info,3419
Indigo,2019-05-27,Banglore,Delhi,01:30:00,04:15:00,165,0.0,No Info,3419
Multiple Carriers,2019-05-27,Delhi,Cochin,08:30:00,19:15:00,645,1.0,No Info,9149
Jet Airways,2019-03-18,Banglore,New Delhi,22:50:00,09:30:00,640,1.0,No Info,13555
Indigo,2019-06-03,Delhi,Cochin,08:35:00,22:30:00,835,1.0,No Info,6442
Air Asia,2019-06-09,Delhi,Cochin,07:55:00,13:25:00,330,1.0,No Info,8759
Indigo,2019-06-15,Banglore,Delhi,04:00:00,06:50:00,170,0.0,No Info,4423
Jet Airways,2019-06-15,Delhi,Cochin,09:25:00,12:35:00,1630,2.0,No Info,13882
Indigo,2019-06-03,Delhi,Cochin,05:10:00,10:05:00,295,1.0,No Info,6842
Spicejet,2019-04-03,Kolkata,Banglore,15:05:00,20:20:00,315,1.0,No Info,4649
Multiple Carriers,2019-06-27,Delhi,Cochin,19:00:00,01:30:00,390,1.0,No Info,7198
Jet Airways,2019-03-06,Banglore,New Delhi,16:55:00,10:25:00,1050,1.0,No Info,17261
Spicejet,2019-04-15,Banglore,Delhi,09:30:00,12:20:00,170,0.0,No check-in baggage included,4319
Multiple Carriers,2019-05-01,Delhi,Cochin,08:30:00,19:00:00,630,1.0,No Info,9627
Indigo,2019-06-18,Kolkata,Banglore,14:25:00,16:55:00,150,0.0,No Info,4804
Jet Airways,2019-05-18,Delhi,Cochin,09:40:00,12:35:00,1615,2.0,In-flight meal not included,13029
Jet Airways,2019-06-09,Delhi,Cochin,13:00:00,19:00:00,360,1.0,No Info,14714
Spicejet,2019-06-06,Banglore,Delhi,05:55:00,08:35:00,160,0.0,No Info,3625
Multiple Carriers,2019-06-27,Delhi,Cochin,10:20:00,19:15:00,535,1.0,No Info,7741
Indigo,2019-06-21,Banglore,Delhi,23:30:00,02:20:00,170,0.0,No Info,4077
Spicejet,2019-06-27,Chennai,Kolkata,17:45:00,20:05:00,140,0.0,No Info,3597
Jet Airways,2019-05-09,Delhi,Cochin,11:40:00,19:00:00,440,2.0,No Info,21219
Jet Airways,2019-06-01,Delhi,Cochin,06:45:00,04:25:00,1300,2.0,In-flight meal not included,10919
Indigo,2019-06-24,Mumbai,Hyderabad,21:20:00,22:50:00,90,0.0,No Info,2227
Air India,2019-04-01,Kolkata,Banglore,09:25:00,10:30:00,1505,2.0,No Info,12009
Jet Airways,2019-06-01,Mumbai,Hyderabad,02:55:00,04:20:00,85,0.0,In-flight meal not included,4050
Jet Airways,2019-03-09,Banglore,New Delhi,07:00:00,09:30:00,1590,1.0,In-flight meal not included,11087
Jet Airways,2019-06-01,Delhi,Cochin,09:40:00,04:25:00,1125,2.0,In-flight meal not included,10368
Spicejet,2019-04-09,Kolkata,Banglore,09:00:00,11:25:00,145,0.0,No Info,3873
Air Asia,2019-04-15,Kolkata,Banglore,07:35:00,23:30:00,955,1.0,No Info,5192
Indigo,2019-05-06,Kolkata,Banglore,18:05:00,23:30:00,325,1.0,No Info,6218
Goair,2019-04-21,Delhi,Cochin,10:35:00,19:35:00,540,1.0,No Info,7031
Air India,2019-06-03,Delhi,Cochin,19:45:00,19:15:00,1410,2.0,No Info,10441
Jet Airways,2019-06-15,Delhi,Cochin,11:00:00,14:15:00,195,0.0,In-flight meal not included,7202
Indigo,2019-06-24,Banglore,Delhi,16:55:00,19:55:00,180,0.0,No Info,4823
Spicejet,2019-03-01,Chennai,Kolkata,17:45:00,20:05:00,140,0.0,No Info,7718
Jet Airways,2019-03-24,Kolkata,Banglore,08:25:00,16:20:00,475,1.0,No Info,13759
Jet Airways,2019-05-24,Kolkata,Banglore,18:55:00,10:05:00,910,1.0,In-flight meal not included,8586
Indigo,2019-06-03,Delhi,Cochin,16:00:00,21:00:00,300,1.0,No Info,6593
Indigo,2019-03-18,Chennai,Kolkata,11:35:00,14:00:00,145,0.0,No Info,3858
Indigo,2019-03-09,Delhi,Cochin,15:00:00,01:35:00,635,1.0,No Info,13611
Spicejet,2019-05-15,Banglore,Delhi,21:10:00,00:05:00,175,0.0,No Info,3625
Jet Airways,2019-06-15,Delhi,Cochin,14:35:00,04:25:00,830,2.0,No Info,13376
Jet Airways,2019-06-09,Kolkata,Banglore,18:55:00,08:15:00,800,1.0,No Info,14939
Spicejet,2019-05-21,Mumbai,Hyderabad,22:45:00,00:15:00,90,0.0,No check-in baggage included,1965
Multiple Carriers,2019-06-03,Delhi,Cochin,13:00:00,21:00:00,480,1.0,No Info,7408
Air India,2019-03-18,Delhi,Cochin,14:10:00,17:10:00,180,0.0,No Info,5674
Indigo,2019-06-12,Banglore,Delhi,13:00:00,15:50:00,170,0.0,No Info,3943
Spicejet,2019-03-12,Kolkata,Banglore,09:00:00,11:30:00,150,0.0,No Info,6982
Spicejet,2019-04-12,Banglore,Delhi,05:55:00,08:35:00,160,0.0,No Info,4423
Air India,2019-04-01,Kolkata,Banglore,09:50:00,21:05:00,675,1.0,No Info,8030
Indigo,2019-05-27,Delhi,Cochin,08:30:00,21:00:00,750,1.0,No Info,6838
Air India,2019-06-15,Banglore,Delhi,21:05:00,23:55:00,170,0.0,No Info,5228
Indigo,2019-03-06,Kolkata,Banglore,05:30:00,08:20:00,170,0.0,No Info,4778
Air India,2019-03-21,Delhi,Cochin,17:45:00,23:00:00,315,1.0,No Info,5704
Jet Airways,2019-03-21,Delhi,Cochin,19:45:00,18:50:00,1385,1.0,In-flight meal not included,5406
Air India,2019-06-06,Kolkata,Banglore,08:20:00,07:55:00,1415,2.0,No Info,10697
Air India,2019-03-12,Banglore,New Delhi,08:50:00,23:25:00,875,2.0,No Info,13250
Jet Airways,2019-05-27,Delhi,Cochin,09:40:00,04:25:00,1125,2.0,In-flight meal not included,13029
Indigo,2019-05-15,Mumbai,Hyderabad,06:25:00,07:55:00,90,0.0,No Info,4049
Jet Airways,2019-05-09,Mumbai,Hyderabad,07:05:00,08:30:00,85,0.0,No Info,8040
Indigo,2019-06-18,Banglore,Delhi,04:00:00,06:50:00,170,0.0,No Info,3943
Jet Airways,2019-05-12,Kolkata,Banglore,18:55:00,12:00:00,1025,1.0,In-flight meal not included,9663
Air India,2019-03-15,Banglore,New Delhi,05:50:00,23:45:00,1075,2.0,No Info,7664
Spicejet,2019-05-09,Mumbai,Hyderabad,22:45:00,00:15:00,90,0.0,No Info,2017
Indigo,2019-04-24,Kolkata,Banglore,21:25:00,00:05:00,160,0.0,No Info,4804
Indigo,2019-06-06,Delhi,Cochin,20:25:00,01:30:00,305,1.0,No Info,5054
Indigo,2019-05-27,Banglore,Delhi,07:10:00,10:05:00,175,0.0,No Info,4823
Jet Airways,2019-05-21,Kolkata,Banglore,10:20:00,17:35:00,435,1.0,In-flight meal not included,5608
Jet Airways,2019-03-24,Kolkata,Banglore,16:55:00,09:15:00,980,1.0,In-flight meal not included,11134
Air Asia,2019-06-09,Kolkata,Banglore,22:40:00,10:40:00,720,1.0,No Info,11323
Spicejet,2019-03-15,Mumbai,Hyderabad,22:45:00,00:10:00,85,0.0,No check-in baggage included,2647
Jet Airways,2019-06-06,Kolkata,Banglore,20:00:00,16:20:00,1220,1.0,In-flight meal not included,10844
Jet Airways,2019-06-09,Kolkata,Banglore,20:25:00,22:05:00,1540,1.0,In-flight meal not included,10539
Multiple Carriers,2019-06-24,Delhi,Cochin,10:35:00,19:00:00,505,1.0,No Info,10678
Indigo,2019-03-09,Delhi,Cochin,20:30:00,01:35:00,305,1.0,No Info,6937
Indigo,2019-05-03,Kolkata,Banglore,20:20:00,22:55:00,155,0.0,No Info,4804
Goair,2019-06-12,Delhi,Cochin,14:25:00,19:35:00,310,1.0,No Info,7870
Multiple Carriers,2019-06-06,Delhi,Cochin,15:15:00,01:30:00,615,1.0,No Info,6795
Jet Airways,2019-03-24,Kolkata,Banglore,21:10:00,20:40:00,1410,1.0,In-flight meal not included,10031
Jet Airways,2019-03-06,Banglore,New Delhi,16:55:00,09:30:00,995,1.0,No Info,17261
Air Asia,2019-03-01,Kolkata,Banglore,19:35:00,22:05:00,150,0.0,No Info,5964
Jet Airways,2019-03-09,Delhi,Cochin,11:00:00,14:15:00,195,0.0,In-flight meal not included,7202
Jet Airways,2019-06-03,Delhi,Cochin,11:30:00,12:35:00,1505,1.0,In-flight meal not included,10262
Indigo,2019-05-09,Banglore,Delhi,18:55:00,21:50:00,175,0.0,No Info,4823
Air Asia,2019-05-24,Kolkata,Banglore,07:35:00,19:25:00,710,1.0,No Info,5192
Jet Airways,2019-05-12,Kolkata,Banglore,21:10:00,08:15:00,665,1.0,In-flight meal not included,8586
Indigo,2019-06-06,Mumbai,Hyderabad,19:05:00,20:35:00,90,0.0,No Info,2754
Air India,2019-05-12,Kolkata,Banglore,09:50:00,21:05:00,675,1.0,No Info,8450
Indigo,2019-04-06,Banglore,Delhi,13:00:00,15:50:00,170,0.0,No Info,4423
Air Asia,2019-06-06,Delhi,Cochin,07:55:00,22:25:00,870,1.0,No Info,8759
Multiple Carriers,2019-05-27,Delhi,Cochin,11:30:00,21:00:00,570,1.0,No Info,13587
Indigo,2019-05-21,Delhi,Cochin,10:35:00,21:00:00,625,1.0,No Info,6794
Indigo,2019-03-03,Delhi,Cochin,04:45:00,13:20:00,515,1.0,No Info,14871
Air India,2019-03-03,Delhi,Cochin,19:45:00,19:15:00,1410,2.0,No Info,12856
Jet Airways,2019-03-06,Mumbai,Hyderabad,17:00:00,16:50:00,1430,1.0,No Info,19595
Jet Airways,2019-03-03,Banglore,New Delhi,05:45:00,05:05:00,1400,1.0,In-flight meal not included,11087
Jet Airways,2019-05-18,Kolkata,Banglore,21:10:00,08:15:00,665,1.0,In-flight meal not included,8586
Jet Airways,2019-05-21,Kolkata,Banglore,20:25:00,09:45:00,800,1.0,No Info,13067
Jet Airways,2019-04-18,Banglore,Delhi,11:10:00,14:05:00,175,0.0,No Info,7229
Goair,2019-05-15,Banglore,Delhi,07:45:00,10:40:00,175,0.0,No Info,3419
Indigo,2019-04-03,Banglore,Delhi,16:55:00,19:55:00,180,0.0,No Info,4823
Jet Airways,2019-06-09,Banglore,Delhi,06:00:00,08:45:00,165,0.0,In-flight meal not included,7229
Jet Airways,2019-05-18,Delhi,Cochin,07:05:00,19:00:00,715,1.0,In-flight meal not included,12373
Multiple Carriers,2019-06-01,Delhi,Cochin,09:00:00,19:00:00,600,1.0,No Info,12717
Indigo,2019-05-15,Banglore,Delhi,01:30:00,04:15:00,165,0.0,No Info,3419
Jet Airways,2019-06-03,Delhi,Cochin,18:15:00,04:25:00,610,1.0,No Info,14714
Multiple Carriers,2019-05-15,Delhi,Cochin,10:00:00,19:00:00,540,1.0,No Info,10197
Indigo,2019-03-06,Mumbai,Hyderabad,06:20:00,07:45:00,85,0.0,No Info,4784
Indigo,2019-03-18,Kolkata,Banglore,22:10:00,00:55:00,165,0.0,No Info,4148
Vistara,2019-04-15,Banglore,Delhi,09:45:00,12:35:00,170,0.0,No Info,5403
Vistara,2019-04-01,Kolkata,Banglore,20:20:00,09:05:00,765,1.0,No Info,7980
Multiple Carriers,2019-03-27,Delhi,Cochin,07:05:00,15:30:00,505,1.0,No Info,12537
Goair,2019-06-03,Delhi,Cochin,07:00:00,12:55:00,355,1.0,No Info,4959
Vistara,2019-05-06,Chennai,Kolkata,07:05:00,09:20:00,135,0.0,No Info,3687
Indigo,2019-06-06,Kolkata,Banglore,21:00:00,02:15:00,315,1.0,No Info,6711
Air India,2019-05-15,Delhi,Cochin,09:45:00,09:25:00,1420,1.0,No Info,7480
Multiple Carriers,2019-03-21,Delhi,Cochin,07:05:00,15:30:00,505,1.0,No Info,14486
Indigo,2019-06-27,Banglore,Delhi,00:25:00,03:15:00,170,0.0,No Info,3419
Jet Airways,2019-03-12,Banglore,New Delhi,18:55:00,19:10:00,1455,1.0,In-flight meal not included,11087
Spicejet,2019-05-24,Kolkata,Banglore,11:35:00,18:50:00,435,1.0,No Info,8479
Jet Airways,2019-05-18,Banglore,Delhi,18:55:00,22:00:00,185,0.0,In-flight meal not included,5198
Air Asia,2019-05-15,Kolkata,Banglore,07:35:00,19:25:00,710,1.0,No Info,5192
Air India,2019-05-15,Delhi,Cochin,13:20:00,07:40:00,1100,2.0,No Info,13538
Multiple Carriers,2019-05-09,Delhi,Cochin,04:55:00,19:15:00,860,1.0,No Info,7575
Multiple Carriers,2019-05-27,Delhi,Cochin,16:00:00,01:30:00,570,1.0,No Info,13377
Indigo,2019-05-03,Kolkata,Banglore,14:25:00,16:55:00,150,0.0,No Info,5224
Indigo,2019-06-15,Delhi,Cochin,07:15:00,12:30:00,315,1.0,No Info,6582
Indigo,2019-06-06,Chennai,Kolkata,07:55:00,10:15:00,140,0.0,No Info,3850
Indigo,2019-03-24,Banglore,New Delhi,22:20:00,01:10:00,170,0.0,No Info,7303
Air India,2019-06-15,Mumbai,Hyderabad,13:55:00,15:25:00,90,0.0,No Info,3100
Jet Airways,2019-05-24,Kolkata,Banglore,16:30:00,22:35:00,365,1.0,No Info,14571
Jet Airways,2019-04-06,Banglore,Delhi,18:55:00,22:00:00,185,0.0,In-flight meal not included,4544
Multiple Carriers,2019-05-06,Delhi,Cochin,07:30:00,19:00:00,690,1.0,No Info,10529
Multiple Carriers,2019-05-09,Delhi,Cochin,18:15:00,01:30:00,435,1.0,No Info,15078
Jet Airways,2019-05-09,Delhi,Cochin,05:30:00,19:00:00,810,2.0,In-flight meal not included,13029
Jet Airways,2019-04-01,Kolkata,Banglore,20:25:00,18:00:00,1295,1.0,No Info,11467
Jet Airways,2019-03-01,Banglore,New Delhi,08:00:00,05:05:00,1265,1.0,No Info,22270
Jet Airways,2019-06-06,Delhi,Cochin,19:15:00,19:00:00,1425,1.0,No Info,14714
Jet Airways,2019-03-12,Banglore,New Delhi,08:55:00,21:20:00,745,1.0,No Info,13817
Jet Airways,2019-03-24,Kolkata,Banglore,21:10:00,16:20:00,1150,1.0,In-flight meal not included,10031
Jet Airways,2019-06-01,Delhi,Cochin,19:15:00,12:35:00,1040,1.0,In-flight meal not included,10262
Jet Airways,2019-06-18,Mumbai,Hyderabad,07:05:00,08:30:00,85,0.0,No Info,8040
Goair,2019-03-15,Banglore,New Delhi,07:45:00,10:40:00,175,0.0,No Info,5706
Indigo,2019-05-27,Mumbai,Hyderabad,21:20:00,22:50:00,90,0.0,No Info,2227
Indigo,2019-06-01,Chennai,Kolkata,15:40:00,18:25:00,165,0.0,No Info,3540
Multiple Carriers,2019-06-27,Delhi,Cochin,13:00:00,19:15:00,375,1.0,No Info,14848
Jet Airways,2019-05-21,Delhi,Cochin,07:05:00,12:35:00,330,1.0,In-flight meal not included,12898
Indigo,2019-03-03,Mumbai,Hyderabad,19:05:00,20:30:00,85,0.0,No Info,5755
Jet Airways,2019-03-01,Banglore,New Delhi,22:50:00,10:25:00,695,1.0,1 Long layover,31825
Indigo,2019-05-27,Delhi,Cochin,02:00:00,07:25:00,325,1.0,No Info,7164
Multiple Carriers,2019-05-27,Delhi,Cochin,19:00:00,01:30:00,390,1.0,No Info,7198
Jet Airways,2019-05-15,Kolkata,Banglore,06:30:00,16:20:00,590,1.0,In-flight meal not included,10844
Multiple Carriers,2019-05-15,Delhi,Cochin,08:45:00,19:15:00,630,1.0,No Info,8266
Goair,2019-06-06,Delhi,Cochin,14:25:00,19:35:00,310,1.0,No Info,7870
Multiple Carriers,2019-06-24,Delhi,Cochin,08:30:00,19:00:00,630,1.0,No Info,10877
Indigo,2019-03-03,Delhi,Cochin,08:25:00,15:30:00,425,1.0,No Info,14871
Jet Airways,2019-06-06,Kolkata,Banglore,18:55:00,04:40:00,585,1.0,In-flight meal not included,7757
Jet Airways,2019-03-24,Kolkata,Banglore,19:45:00,23:25:00,1660,1.0,No Info,13759
Indigo,2019-05-09,Delhi,Cochin,08:35:00,22:30:00,835,1.0,No Info,6734
Indigo,2019-06-03,Delhi,Cochin,16:00:00,01:30:00,570,1.0,No Info,6628
Jet Airways,2019-06-12,Kolkata,Banglore,06:30:00,19:50:00,800,1.0,No Info,13626
Spicejet,2019-05-09,Kolkata,Banglore,17:10:00,19:40:00,150,0.0,No Info,3873
Jet Airways,2019-06-06,Kolkata,Banglore,21:10:00,10:05:00,775,1.0,No Info,14571
Jet Airways,2019-03-09,Delhi,Cochin,02:15:00,19:45:00,1050,1.0,No Info,15764
Jet Airways,2019-04-01,Kolkata,Banglore,06:30:00,08:15:00,1545,1.0,In-flight meal not included,7064
Multiple Carriers,2019-05-27,Delhi,Cochin,10:20:00,01:30:00,910,1.0,No Info,6795
Vistara,2019-04-01,Kolkata,Banglore,17:00:00,18:50:00,1550,1.0,No Info,8610
Multiple Carriers,2019-06-03,Delhi,Cochin,09:15:00,19:15:00,600,1.0,No Info,8099
Jet Airways,2019-06-09,Delhi,Cochin,16:00:00,04:25:00,745,1.0,In-flight meal not included,10577
Jet Airways,2019-05-27,Delhi,Cochin,09:35:00,12:35:00,1620,2.0,In-flight meal not included,12872
Indigo,2019-04-09,Delhi,Cochin,15:00:00,01:30:00,630,1.0,No Info,6270
Indigo,2019-06-09,Delhi,Cochin,10:35:00,21:00:00,625,1.0,No Info,6314
Jet Airways,2019-06-12,Delhi,Cochin,20:00:00,19:00:00,1380,2.0,No Info,14300
Indigo,2019-03-27,Chennai,Kolkata,11:35:00,14:00:00,145,0.0,No Info,3858
Indigo,2019-05-24,Chennai,Kolkata,07:55:00,10:15:00,140,0.0,No Info,3850
Multiple Carriers,2019-05-09,Delhi,Cochin,07:05:00,19:15:00,730,1.0,In-flight meal not included,11142
Jet Airways,2019-06-06,Delhi,Cochin,11:30:00,19:00:00,450,1.0,In-flight meal not included,10262
Spicejet,2019-06-15,Kolkata,Banglore,22:20:00,00:40:00,140,0.0,No check-in baggage included,3841
Jet Airways,2019-05-18,Kolkata,Banglore,21:10:00,09:20:00,730,1.0,No Info,14388
Indigo,2019-06-27,Delhi,Cochin,05:05:00,12:10:00,425,1.0,No Info,6442
Jet Airways,2019-05-21,Kolkata,Banglore,06:30:00,09:20:00,1610,1.0,No Info,14388
Air India,2019-05-01,Kolkata,Banglore,09:25:00,18:20:00,535,2.0,No Info,8366
Spicejet,2019-04-03,Mumbai,Hyderabad,22:45:00,00:15:00,90,0.0,No Info,1759
Indigo,2019-03-24,Banglore,New Delhi,10:10:00,13:00:00,170,0.0,No Info,10067
Vistara,2019-05-06,Kolkata,Banglore,17:00:00,09:05:00,965,1.0,No Info,8137
Air India,2019-04-01,Kolkata,Banglore,16:45:00,23:15:00,1830,3.0,No Info,8607
Multiple Carriers,2019-05-09,Delhi,Cochin,15:00:00,01:30:00,630,1.0,No Info,15078
Goair,2019-06-12,Delhi,Cochin,07:25:00,13:35:00,370,1.0,No Info,5842
Indigo,2019-04-01,Banglore,Delhi,10:10:00,13:00:00,170,0.0,No Info,3943
Vistara,2019-04-12,Banglore,Delhi,09:45:00,12:35:00,170,0.0,No Info,5403
Indigo,2019-03-18,Delhi,Cochin,21:05:00,00:20:00,195,0.0,No Info,5021
Multiple Carriers,2019-06-27,Delhi,Cochin,18:15:00,01:30:00,435,1.0,No Info,13377
Air India,2019-05-09,Kolkata,Banglore,12:00:00,18:30:00,1830,2.0,No Info,9626
Multiple Carriers,2019-05-27,Delhi,Cochin,09:15:00,19:15:00,600,1.0,No Info,9149
Air India,2019-03-06,Mumbai,Hyderabad,20:15:00,09:15:00,780,1.0,No Info,9535
Indigo,2019-03-03,Delhi,Cochin,06:40:00,13:20:00,400,1.0,No Info,14871
Air India,2019-03-06,Delhi,Cochin,16:40:00,19:15:00,1595,2.0,No Info,12646
Spicejet,2019-06-27,Chennai,Kolkata,09:45:00,12:00:00,135,0.0,No check-in baggage included,3543
Air India,2019-05-03,Chennai,Kolkata,11:40:00,13:55:00,135,0.0,No Info,4667
Air Asia,2019-05-15,Kolkata,Banglore,10:20:00,12:55:00,155,0.0,No Info,4409
Jet Airways,2019-06-24,Delhi,Cochin,19:15:00,19:00:00,1425,1.0,In-flight meal not included,10262
Jet Airways,2019-03-06,Banglore,New Delhi,20:35:00,09:30:00,775,1.0,No Info,17261
Multiple Carriers,2019-06-12,Delhi,Cochin,17:00:00,01:30:00,510,1.0,No Info,7198
Indigo,2019-06-09,Delhi,Cochin,04:55:00,21:00:00,965,1.0,No Info,6093
Jet Airways,2019-06-03,Delhi,Cochin,11:40:00,19:00:00,440,2.0,In-flight meal not included,15812
Indigo,2019-04-01,Kolkata,Banglore,19:35:00,23:15:00,220,1.0,No Info,4226
Multiple Carriers,2019-06-27,Delhi,Cochin,07:05:00,21:00:00,835,1.0,No Info,13587
Indigo,2019-03-27,Delhi,Cochin,08:25:00,21:00:00,755,1.0,No Info,8285
Air India,2019-03-27,Delhi,Cochin,09:45:00,09:25:00,1420,1.0,No Info,5957
Spicejet,2019-06-21,Banglore,Delhi,09:30:00,12:20:00,170,0.0,No Info,3625
Jet Airways,2019-06-06,Kolkata,Banglore,06:30:00,23:35:00,1025,1.0,No Info,14571
Jet Airways,2019-04-01,Kolkata,Banglore,20:25:00,15:05:00,1120,1.0,No Info,11467
Jet Airways,2019-05-15,Kolkata,Banglore,20:00:00,09:20:00,800,1.0,In-flight meal not included,9663
Spicejet,2019-03-21,Chennai,Kolkata,09:30:00,12:05:00,155,0.0,No check-in baggage included,3332
Indigo,2019-03-21,Delhi,Cochin,06:40:00,12:00:00,320,1.0,No Info,5761
Jet Airways,2019-06-03,Delhi,Cochin,20:55:00,04:25:00,450,1.0,No Info,14714
Jet Airways,2019-03-06,Banglore,New Delhi,08:55:00,07:40:00,1365,1.0,No Info,14815
Multiple Carriers,2019-04-09,Delhi,Cochin,08:00:00,19:00:00,660,1.0,No Info,11142
Jet Airways,2019-06-12,Kolkata,Banglore,20:00:00,09:20:00,800,1.0,No Info,13044
Spicejet,2019-05-27,Chennai,Kolkata,09:45:00,12:00:00,135,0.0,No Info,3597
Multiple Carriers,2019-06-24,Delhi,Cochin,07:30:00,19:15:00,705,1.0,No Info,9001
Indigo,2019-05-15,Delhi,Cochin,21:50:00,03:35:00,345,1.0,No Info,7189
Air India,2019-04-01,Kolkata,Banglore,14:35:00,15:20:00,1485,1.0,No Info,5006
Air India,2019-04-03,Banglore,Delhi,21:05:00,23:55:00,170,0.0,No Info,4441
Jet Airways,2019-03-21,Delhi,Cochin,05:30:00,04:25:00,1375,2.0,No Info,12647
Air India,2019-05-09,Kolkata,Banglore,19:00:00,11:05:00,965,1.0,No Info,6117
Air India,2019-04-06,Banglore,Delhi,17:00:00,19:45:00,165,0.0,No Info,4651
Jet Airways,2019-03-01,Banglore,New Delhi,22:50:00,05:05:00,375,1.0,No Info,26890
Indigo,2019-03-12,Kolkata,Banglore,20:25:00,23:05:00,160,0.0,No Info,4148
Jet Airways,2019-06-03,Delhi,Cochin,22:50:00,04:25:00,335,1.0,In-flight meal not included,10262
Jet Airways,2019-06-03,Delhi,Cochin,17:30:00,19:00:00,1530,1.0,In-flight meal not included,10262
Air Asia,2019-04-12,Kolkata,Banglore,22:50:00,01:20:00,150,0.0,No Info,4409
Air India,2019-06-12,Delhi,Cochin,09:45:00,09:25:00,1420,2.0,No Info,10975
Indigo,2019-05-03,Banglore,Delhi,01:30:00,04:15:00,165,0.0,No Info,3943
Jet Airways,2019-05-21,Delhi,Cochin,22:50:00,19:00:00,1210,1.0,No Info,16079
Jet Airways,2019-03-06,Banglore,New Delhi,05:45:00,05:05:00,1400,1.0,No Info,13555
Indigo,2019-06-06,Chennai,Kolkata,11:35:00,14:00:00,145,0.0,No Info,3858
Jet Airways,2019-03-03,Delhi,Cochin,05:25:00,04:25:00,2820,2.0,No Info,20064
Jet Airways,2019-06-01,Mumbai,Hyderabad,07:05:00,08:30:00,85,0.0,In-flight meal not included,4050
Spicejet,2019-06-01,Chennai,Kolkata,09:45:00,12:00:00,135,0.0,No check-in baggage included,3543
Indigo,2019-06-12,Banglore,Delhi,23:30:00,02:20:00,170,0.0,No Info,3943
Vistara,2019-06-06,Kolkata,Banglore,20:20:00,09:05:00,765,1.0,No Info,8452
Jet Airways,2019-03-27,Delhi,Cochin,16:00:00,19:45:00,1665,1.0,No Info,12032
Multiple Carriers,2019-05-27,Delhi,Cochin,06:00:00,12:35:00,395,1.0,No Info,11264
Jet Airways,2019-03-09,Delhi,Cochin,02:15:00,04:25:00,1570,1.0,In-flight meal not included,11848
Air India,2019-05-27,Delhi,Cochin,19:45:00,19:15:00,1410,2.0,No Info,10441
Multiple Carriers,2019-06-06,Delhi,Cochin,11:40:00,21:00:00,560,1.0,No Info,7005
Vistara,2019-05-21,Kolkata,Banglore,17:00:00,18:50:00,1550,1.0,No Info,9345
Multiple Carriers,2019-06-01,Delhi,Cochin,07:10:00,16:10:00,540,1.0,No Info,7038
Jet Airways,2019-06-09,Kolkata,Banglore,06:30:00,19:50:00,800,1.0,No Info,14571
Jet Airways,2019-06-15,Delhi,Cochin,07:05:00,12:35:00,330,1.0,No Info,14714
Multiple Carriers,2019-05-27,Delhi,Cochin,07:30:00,19:15:00,705,1.0,No Info,10786
Indigo,2019-06-03,Banglore,Delhi,23:30:00,02:20:00,170,0.0,No Info,4591
Indigo,2019-06-21,Kolkata,Banglore,17:15:00,19:50:00,155,0.0,No Info,4804
Jet Airways,2019-05-27,Delhi,Cochin,07:05:00,19:00:00,715,1.0,In-flight meal not included,12898
Air India,2019-05-09,Kolkata,Banglore,08:20:00,11:10:00,1610,2.0,No Info,11222
Indigo,2019-06-24,Delhi,Cochin,06:40:00,21:00:00,860,1.0,No Info,6093
Spicejet,2019-05-21,Mumbai,Hyderabad,05:45:00,07:15:00,90,0.0,No check-in baggage included,1965
Air Asia,2019-05-12,Kolkata,Banglore,07:35:00,19:25:00,710,1.0,No Info,5320
Indigo,2019-04-24,Delhi,Cochin,16:00:00,21:00:00,300,1.0,No Info,5065
Spicejet,2019-04-15,Banglore,Delhi,21:10:00,00:05:00,175,0.0,No check-in baggage included,3919
Indigo,2019-06-24,Delhi,Cochin,16:00:00,01:30:00,570,1.0,No Info,6316
Jet Airways,2019-03-09,Mumbai,Hyderabad,19:40:00,21:10:00,90,0.0,In-flight meal not included,4050
Vistara,2019-05-15,Kolkata,Banglore,07:10:00,23:25:00,975,1.0,No Info,9345
Indigo,2019-06-24,Banglore,Delhi,04:00:00,06:50:00,170,0.0,No Info,3943
Jet Airways,2019-06-09,Kolkata,Banglore,21:10:00,08:15:00,665,1.0,In-flight meal not included,11841
Jet Airways,2019-03-01,Banglore,New Delhi,08:00:00,16:10:00,490,1.0,No Info,22270
Spicejet,2019-05-01,Kolkata,Banglore,09:00:00,11:25:00,145,0.0,No Info,4174
Jet Airways,2019-03-27,Delhi,Cochin,05:25:00,19:45:00,2300,2.0,No Info,11664
Jet Airways,2019-06-21,Banglore,Delhi,07:10:00,10:10:00,180,0.0,In-flight meal not included,5769
Jet Airways,2019-03-21,Delhi,Cochin,19:10:00,18:50:00,1420,2.0,No Info,10929
Multiple Carriers,2019-03-09,Delhi,Cochin,09:45:00,16:10:00,385,1.0,No Info,8386
Indigo,2019-04-27,Banglore,Delhi,20:00:00,22:50:00,170,0.0,No Info,4823
Jet Airways,2019-05-12,Kolkata,Banglore,08:25:00,19:50:00,685,1.0,In-flight meal not included,8586
Multiple Carriers,2019-03-03,Delhi,Cochin,07:05:00,15:30:00,505,1.0,No Info,17057
Multiple Carriers,2019-03-21,Delhi,Cochin,09:00:00,21:00:00,720,1.0,No Info,13062
Jet Airways,2019-03-27,Delhi,Cochin,02:15:00,04:25:00,1570,1.0,In-flight meal not included,6017
Indigo,2019-04-01,Kolkata,Banglore,09:20:00,14:15:00,295,1.0,No Info,10308
Jet Airways,2019-06-12,Delhi,Cochin,19:30:00,04:25:00,535,2.0,In-flight meal not included,10368
Air India,2019-06-06,Kolkata,Banglore,05:50:00,23:15:00,1045,2.0,No Info,12723
Vistara,2019-03-03,Banglore,New Delhi,07:00:00,09:40:00,160,0.0,No Info,8028
Indigo,2019-06-09,Kolkata,Banglore,15:30:00,18:05:00,155,0.0,No Info,5224
Spicejet,2019-06-09,Kolkata,Banglore,09:00:00,11:25:00,145,0.0,No Info,4174
Goair,2019-03-15,Banglore,New Delhi,11:40:00,14:35:00,175,0.0,No Info,6113
Multiple Carriers,2019-06-27,Delhi,Cochin,11:30:00,01:30:00,840,1.0,No Info,13377
Air India,2019-03-12,Banglore,New Delhi,11:05:00,22:10:00,665,2.0,No Info,11948
Multiple Carriers,2019-03-27,Delhi,Cochin,12:50:00,21:00:00,490,1.0,No Info,6637
Jet Airways,2019-03-27,Delhi,Cochin,05:10:00,19:45:00,2315,2.0,In-flight meal not included,8098
Air India,2019-03-12,Mumbai,Hyderabad,21:05:00,22:25:00,80,0.0,No Info,4307
Multiple Carriers,2019-04-09,Delhi,Cochin,06:00:00,13:20:00,440,1.0,No Info,8323
Air India,2019-06-12,Banglore,Delhi,10:00:00,12:45:00,165,0.0,No Info,6961
Air India,2019-05-09,Kolkata,Banglore,12:00:00,13:15:00,1515,1.0,No Info,6612
Indigo,2019-06-09,Delhi,Cochin,02:00:00,07:45:00,345,1.0,No Info,6386
Jet Airways,2019-05-18,Banglore,Delhi,15:15:00,18:10:00,175,0.0,In-flight meal not included,4544
Air India,2019-05-15,Kolkata,Banglore,09:25:00,18:20:00,535,2.0,No Info,8366
Spicejet,2019-04-21,Banglore,Delhi,09:30:00,12:20:00,170,0.0,No check-in baggage included,4885
Jet Airways,2019-03-15,Banglore,New Delhi,08:00:00,16:10:00,490,1.0,In-flight meal not included,9134
Indigo,2019-03-03,Delhi,Cochin,16:10:00,22:20:00,370,1.0,No Info,11237
Indigo,2019-05-24,Banglore,Delhi,23:30:00,02:20:00,170,0.0,No Info,4591
Jet Airways,2019-05-24,Kolkata,Banglore,06:30:00,16:20:00,590,1.0,In-flight meal not included,10844
Air India,2019-04-06,Delhi,Cochin,17:20:00,09:25:00,965,1.0,No Info,4697
Spicejet,2019-06-09,Chennai,Kolkata,08:20:00,10:35:00,135,0.0,No Info,3597
Indigo,2019-04-18,Banglore,Delhi,04:00:00,06:50:00,170,0.0,No Info,4423
Air India,2019-06-06,Banglore,Delhi,06:10:00,08:55:00,165,0.0,No Info,6961
Jet Airways,2019-05-12,Kolkata,Banglore,09:35:00,10:55:00,1520,1.0,No Info,14151
Indigo,2019-03-03,Kolkata,Banglore,05:30:00,08:20:00,170,0.0,No Info,4778
Jet Airways,2019-05-18,Delhi,Cochin,19:45:00,12:35:00,1010,1.0,In-flight meal not included,12373
Jet Airways,2019-03-09,Delhi,Cochin,05:25:00,04:25:00,1380,2.0,No Info,16914
Jet Airways,2019-05-18,Delhi,Cochin,19:30:00,12:35:00,1025,2.0,In-flight meal not included,10368
Jet Airways,2019-03-21,Delhi,Cochin,19:45:00,04:25:00,520,1.0,In-flight meal not included,5963
Jet Airways,2019-03-09,Delhi,Cochin,18:15:00,04:25:00,610,1.0,In-flight meal not included,14053
Jet Airways,2019-06-01,Delhi,Cochin,15:00:00,19:00:00,1680,1.0,No Info,14714
Jet Airways,2019-06-12,Kolkata,Banglore,09:35:00,14:25:00,1730,1.0,No Info,12692
Jet Airways,2019-03-06,Banglore,New Delhi,08:00:00,19:10:00,670,1.0,No Info,16736
Jet Airways,2019-03-03,Mumbai,Hyderabad,02:55:00,04:25:00,90,0.0,No Info,5678
Jet Airways,2019-03-06,Delhi,Cochin,11:30:00,18:50:00,440,1.0,In-flight meal not included,15400
Jet Airways,2019-05-21,Kolkata,Banglore,06:30:00,16:20:00,590,1.0,In-flight meal not included,10844
Air India,2019-05-01,Delhi,Cochin,17:15:00,09:25:00,970,2.0,No Info,8839
Jet Airways,2019-05-27,Delhi,Cochin,10:00:00,12:35:00,1595,1.0,In-flight meal not included,12898
Multiple Carriers,2019-03-09,Delhi,Cochin,06:50:00,19:15:00,745,1.0,In-flight meal not included,14817
Jet Airways,2019-05-09,Kolkata,Banglore,20:25:00,14:25:00,1080,1.0,No Info,11467
Vistara,2019-05-09,Kolkata,Banglore,07:10:00,18:50:00,700,1.0,No Info,8610
Jet Airways,2019-06-09,Delhi,Cochin,17:30:00,12:35:00,1145,1.0,In-flight meal not included,10262
Air Asia,2019-04-27,Delhi,Cochin,07:55:00,22:25:00,870,1.0,No Info,6451
Indigo,2019-05-15,Kolkata,Banglore,21:00:00,02:15:00,315,1.0,No Info,7228
Indigo,2019-03-21,Delhi,Cochin,06:40:00,13:20:00,400,1.0,No Info,10208
Air India,2019-05-09,Kolkata,Banglore,16:50:00,05:35:00,765,2.0,No Info,11432
Jet Airways,2019-03-01,Banglore,New Delhi,11:40:00,11:25:00,1425,1.0,No Info,25735
Jet Airways,2019-05-15,Kolkata,Banglore,08:25:00,20:45:00,740,1.0,In-flight meal not included,10844
Jet Airways,2019-06-09,Kolkata,Banglore,16:30:00,23:35:00,425,1.0,In-flight meal not included,10844
Jet Airways,2019-05-01,Mumbai,Hyderabad,02:55:00,04:20:00,85,0.0,No Info,5678
Jet Airways,2019-06-12,Kolkata,Banglore,06:30:00,18:15:00,705,1.0,No Info,13626
Jet Airways,2019-03-18,Banglore,New Delhi,22:50:00,08:15:00,565,1.0,No Info,13555
Jet Airways,2019-03-09,Banglore,New Delhi,05:50:00,15:00:00,550,1.0,In-flight meal not included,10037
Indigo,2019-05-01,Kolkata,Banglore,18:05:00,23:30:00,325,1.0,No Info,6218
Vistara,2019-03-03,Banglore,New Delhi,21:10:00,00:05:00,175,0.0,No Info,7608
Jet Airways,2019-05-12,Kolkata,Banglore,14:05:00,22:35:00,510,1.0,No Info,14781
Multiple Carriers,2019-05-09,Delhi,Cochin,08:45:00,19:15:00,630,1.0,No Info,8266
Vistara,2019-03-24,Kolkata,Banglore,09:55:00,18:45:00,530,1.0,No Info,16092
Indigo,2019-03-24,Kolkata,Banglore,15:10:00,19:50:00,280,1.0,No Info,7476
Vistara,2019-03-06,Chennai,Kolkata,07:05:00,09:20:00,135,0.0,No Info,7414
Vistara,2019-05-18,Chennai,Kolkata,07:05:00,09:20:00,135,0.0,No Info,3687
Jet Airways,2019-06-18,Banglore,Delhi,08:20:00,11:20:00,180,0.0,In-flight meal not included,5769
Air Asia,2019-04-03,Kolkata,Banglore,22:50:00,01:20:00,150,0.0,No Info,3807
Indigo,2019-05-27,Mumbai,Hyderabad,12:00:00,13:30:00,90,0.0,No Info,2754
Jet Airways,2019-05-27,Delhi,Cochin,16:00:00,04:25:00,745,1.0,In-flight meal not included,12898
Jet Airways,2019-06-15,Delhi,Cochin,11:30:00,04:25:00,1015,1.0,In-flight meal not included,10262
Indigo,2019-05-24,Delhi,Cochin,10:35:00,01:30:00,895,1.0,No Info,7081
Vistara,2019-05-15,Banglore,Delhi,07:00:00,09:40:00,160,0.0,No Info,4668
Jet Airways,2019-06-12,Mumbai,Hyderabad,19:35:00,21:05:00,90,0.0,No Info,5678
Air India,2019-03-06,Delhi,Cochin,17:40:00,08:15:00,875,1.0,No Info,11038
Spicejet,2019-04-01,Banglore,Delhi,05:55:00,08:35:00,160,0.0,No Info,3971
Spicejet,2019-05-06,Kolkata,Banglore,11:15:00,18:30:00,435,1.0,No Info,9736
Indigo,2019-05-12,Chennai,Kolkata,07:55:00,10:15:00,140,0.0,No Info,3850
Multiple Carriers,2019-05-21,Delhi,Cochin,11:30:00,19:15:00,465,1.0,No Info,14848
Jet Airways,2019-06-12,Banglore,Delhi,17:45:00,20:45:00,180,0.0,In-flight meal not included,5769
Spicejet,2019-04-06,Kolkata,Banglore,17:10:00,19:40:00,150,0.0,No Info,3873
Jet Airways,2019-05-27,Delhi,Cochin,11:00:00,14:15:00,195,0.0,In-flight meal not included,7989
Air India,2019-03-12,Mumbai,Hyderabad,05:30:00,14:50:00,560,2.0,No Info,11342
Jet Airways,2019-03-01,Banglore,New Delhi,14:05:00,19:10:00,305,1.0,No Info,36235
Multiple Carriers,2019-03-03,Delhi,Cochin,19:00:00,01:35:00,395,1.0,No Info,15288
Air India,2019-04-21,Banglore,Delhi,21:05:00,23:55:00,170,0.0,No Info,5228
Jet Airways,2019-03-27,Delhi,Cochin,05:25:00,18:50:00,805,2.0,In-flight meal not included,9254
Jet Airways,2019-04-01,Kolkata,Banglore,14:05:00,20:45:00,400,1.0,No Info,13364
Vistara,2019-06-12,Banglore,Delhi,17:00:00,19:35:00,155,0.0,No Info,4878
Multiple Carriers,2019-05-09,Delhi,Cochin,10:00:00,19:00:00,540,1.0,No Info,10197
Air Asia,2019-05-27,Delhi,Cochin,07:55:00,22:25:00,870,1.0,No Info,6152
Air India,2019-05-12,Banglore,Delhi,10:00:00,12:45:00,165,0.0,No Info,5228
Multiple Carriers,2019-05-27,Delhi,Cochin,06:00:00,19:00:00,780,1.0,No Info,11264
Spicejet,2019-05-01,Chennai,Kolkata,17:45:00,20:05:00,140,0.0,No check-in baggage included,3543
Air India,2019-04-03,Mumbai,Hyderabad,19:30:00,20:45:00,75,0.0,No Info,2050
Vistara,2019-05-21,Kolkata,Banglore,20:20:00,10:45:00,865,1.0,No Info,9187
Multiple Carriers,2019-03-21,Delhi,Cochin,11:30:00,18:50:00,440,1.0,No Info,11622
Jet Airways,2019-05-09,Kolkata,Banglore,20:25:00,21:05:00,1480,1.0,No Info,13067
Jet Airways,2019-05-18,Delhi,Cochin,19:45:00,04:25:00,520,1.0,In-flight meal not included,12373
Multiple Carriers,2019-05-18,Delhi,Cochin,12:50:00,21:00:00,490,1.0,No Info,7670
Jet Airways,2019-05-15,Kolkata,Banglore,09:35:00,14:25:00,1730,1.0,No Info,11467
Jet Airways,2019-04-01,Kolkata,Banglore,16:30:00,04:40:00,730,1.0,No Info,12681
Indigo,2019-05-18,Banglore,Delhi,20:00:00,22:50:00,170,0.0,No Info,4823
Multiple Carriers,2019-03-03,Delhi,Cochin,04:00:00,11:30:00,450,1.0,No Info,14973
Indigo,2019-03-12,Mumbai,Hyderabad,06:20:00,07:45:00,85,0.0,No Info,4049
Indigo,2019-03-15,Chennai,Kolkata,13:20:00,15:35:00,135,0.0,No Info,6297
Spicejet,2019-05-24,Chennai,Kolkata,08:20:00,10:35:00,135,0.0,No Info,3597
Jet Airways,2019-03-18,Banglore,New Delhi,21:25:00,09:30:00,725,1.0,No Info,13555
Jet Airways,2019-05-15,Banglore,Delhi,17:45:00,20:45:00,180,0.0,In-flight meal not included,4030
Indigo,2019-06-15,Delhi,Cochin,05:05:00,16:10:00,665,1.0,No Info,6818
Multiple Carriers,2019-06-03,Delhi,Cochin,08:00:00,19:00:00,660,1.0,No Info,12402
Jet Airways,2019-05-01,Kolkata,Banglore,17:00:00,10:55:00,1075,1.0,No Info,12121
Indigo,2019-03-12,Chennai,Kolkata,13:20:00,15:35:00,135,0.0,No Info,6297
Spicejet,2019-04-15,Kolkata,Banglore,06:55:00,09:30:00,155,0.0,No check-in baggage included,3841
Air India,2019-03-21,Banglore,New Delhi,11:50:00,19:50:00,480,1.0,No Info,5932
Indigo,2019-05-12,Kolkata,Banglore,17:15:00,19:50:00,155,0.0,No Info,4804
Multiple Carriers,2019-03-06,Delhi,Cochin,10:00:00,18:50:00,530,1.0,No Info,16497
Jet Airways,2019-03-24,Kolkata,Banglore,13:55:00,19:40:00,345,1.0,No Info,14231
Air India,2019-05-01,Kolkata,Banglore,05:50:00,16:15:00,2065,2.0,No Info,10991
Jet Airways,2019-05-27,Delhi,Cochin,13:25:00,12:35:00,1390,2.0,No Info,15129
Jet Airways,2019-05-01,Kolkata,Banglore,17:00:00,18:00:00,1500,1.0,No Info,11467
Air India,2019-06-24,Banglore,Delhi,13:20:00,16:10:00,170,0.0,No Info,6961
Indigo,2019-04-12,Banglore,Delhi,18:55:00,21:50:00,175,0.0,No Info,5780
Jet Airways,2019-03-12,Mumbai,Hyderabad,06:30:00,16:35:00,605,2.0,No Info,23528
Spicejet,2019-06-15,Mumbai,Hyderabad,13:15:00,14:45:00,90,0.0,No check-in baggage included,1965
Jet Airways,2019-03-24,Kolkata,Banglore,21:10:00,19:40:00,1350,1.0,In-flight meal not included,10031
Jet Airways,2019-05-01,Kolkata,Banglore,20:00:00,10:05:00,845,1.0,In-flight meal not included,8586
Spicejet,2019-05-12,Mumbai,Hyderabad,22:45:00,00:15:00,90,0.0,No Info,2017
Vistara,2019-05-01,Kolkata,Banglore,17:00:00,20:20:00,1640,1.0,No Info,8610
Air India,2019-04-12,Banglore,Delhi,13:20:00,16:10:00,170,0.0,No Info,5911
Jet Airways,2019-06-18,Banglore,Delhi,08:20:00,11:20:00,180,0.0,No Info,8016
Air India,2019-05-09,Delhi,Cochin,19:45:00,19:15:00,1410,2.0,No Info,10178
Air India,2019-04-24,Delhi,Cochin,18:05:00,21:10:00,185,0.0,No Info,5201
Air Asia,2019-06-21,Kolkata,Banglore,22:50:00,01:20:00,150,0.0,No Info,3807
Spicejet,2019-06-18,Mumbai,Hyderabad,05:45:00,07:15:00,90,0.0,No check-in baggage included,2647
Indigo,2019-05-01,Chennai,Kolkata,13:15:00,15:35:00,140,0.0,No Info,3597
Jet Airways,2019-03-03,Mumbai,Hyderabad,07:10:00,08:35:00,85,0.0,No Info,5678
Spicejet,2019-05-09,Banglore,Delhi,09:30:00,12:20:00,170,0.0,No Info,4991
Vistara,2019-05-12,Kolkata,Banglore,07:10:00,22:40:00,930,1.0,No Info,8662
Air India,2019-06-09,Delhi,Cochin,21:00:00,19:15:00,1335,1.0,No Info,8372
Indigo,2019-03-21,Chennai,Kolkata,13:20:00,15:35:00,135,0.0,No Info,3384
Indigo,2019-03-21,Mumbai,Hyderabad,06:20:00,07:45:00,85,0.0,No Info,4049
Jet Airways,2019-03-01,Banglore,New Delhi,08:00:00,13:15:00,315,1.0,No Info,22270
Jet Airways,2019-05-15,Kolkata,Banglore,09:35:00,14:25:00,1730,1.0,In-flight meal not included,9314
Multiple Carriers,2019-05-18,Delhi,Cochin,07:05:00,21:00:00,835,1.0,No Info,13727
Vistara,2019-06-09,Kolkata,Banglore,07:10:00,09:05:00,1555,1.0,No Info,9397
Indigo,2019-04-27,Banglore,Delhi,16:55:00,19:55:00,180,0.0,No Info,4823
Air India,2019-05-01,Kolkata,Banglore,05:50:00,23:15:00,1045,2.0,No Info,10991
Indigo,2019-05-06,Kolkata,Banglore,21:00:00,02:15:00,315,1.0,No Info,7252
Indigo,2019-05-12,Kolkata,Banglore,17:35:00,22:15:00,280,1.0,No Info,6669
Indigo,2019-06-21,Chennai,Kolkata,22:05:00,00:25:00,140,0.0,No Info,5277
Jet Airways,2019-04-01,Kolkata,Banglore,16:30:00,08:15:00,945,1.0,In-flight meal not included,7064
Jet Airways,2019-03-21,Delhi,Cochin,13:55:00,18:50:00,1735,2.0,In-flight meal not included,8728
Jet Airways,2019-05-24,Kolkata,Banglore,20:00:00,09:20:00,800,1.0,No Info,14571
Multiple Carriers,2019-05-15,Delhi,Cochin,10:20:00,19:15:00,535,1.0,No Info,8266
Indigo,2019-03-18,Chennai,Kolkata,22:05:00,00:25:00,140,0.0,No Info,5277
Spicejet,2019-05-24,Kolkata,Banglore,11:15:00,18:30:00,435,1.0,No Info,9630
Air India,2019-05-06,Banglore,Delhi,21:05:00,23:55:00,170,0.0,No Info,5228
Multiple Carriers,2019-03-06,Delhi,Cochin,11:35:00,21:00:00,565,3.0,No Info,21829
Indigo,2019-03-24,Banglore,New Delhi,04:00:00,06:50:00,170,0.0,No Info,4777
Indigo,2019-03-21,Chennai,Kolkata,19:35:00,21:55:00,140,0.0,No Info,3384
Jet Airways,2019-06-12,Kolkata,Banglore,08:25:00,20:45:00,740,1.0,In-flight meal not included,9899
Jet Airways,2019-05-21,Delhi,Cochin,19:45:00,12:35:00,1010,1.0,In-flight meal not included,12898
Jet Airways,2019-05-21,Kolkata,Banglore,17:00:00,09:45:00,1005,1.0,No Info,13067
Air India,2019-05-18,Delhi,Cochin,21:00:00,07:40:00,640,1.0,No Info,8372
Air India,2019-03-01,Banglore,New Delhi,06:45:00,11:10:00,1705,2.0,No Info,20999
Jet Airways,2019-03-06,Banglore,New Delhi,07:00:00,21:20:00,860,1.0,No Info,16736
Jet Airways,2019-06-09,Kolkata,Banglore,14:05:00,23:35:00,570,1.0,No Info,14571
Jet Airways,2019-03-03,Delhi,Cochin,20:50:00,04:25:00,455,1.0,No Info,17234
Indigo,2019-03-24,Banglore,New Delhi,08:30:00,11:30:00,180,0.0,No Info,6144
Air India,2019-05-12,Kolkata,Banglore,07:00:00,01:20:00,1100,2.0,No Info,13243
Indigo,2019-04-27,Banglore,Delhi,18:25:00,21:20:00,175,0.0,No Info,4823
Air India,2019-06-15,Delhi,Cochin,07:00:00,19:15:00,735,1.0,No Info,9929
Vistara,2019-03-03,Banglore,New Delhi,21:10:00,00:05:00,175,0.0,No Info,7608
Jet Airways,2019-05-24,Banglore,Delhi,17:45:00,20:45:00,180,0.0,In-flight meal not included,6144
Goair,2019-03-24,Banglore,New Delhi,07:45:00,10:40:00,175,0.0,No Info,3898
Indigo,2019-06-24,Kolkata,Banglore,20:20:00,22:55:00,155,0.0,No Info,4804
Vistara,2019-03-24,Kolkata,Banglore,20:20:00,09:10:00,770,1.0,No Info,12312
Air India,2019-04-09,Banglore,Delhi,17:00:00,19:50:00,170,0.0,No Info,5911
Jet Airways,2019-05-12,Banglore,Delhi,11:10:00,14:05:00,175,0.0,No Info,7229
Indigo,2019-05-18,Delhi,Cochin,05:05:00,12:10:00,425,1.0,No Info,7520
Air India,2019-06-12,Delhi,Cochin,21:00:00,07:40:00,640,1.0,No Info,8372
Goair,2019-05-18,Kolkata,Banglore,23:30:00,07:45:00,495,1.0,No Info,7335
Multiple Carriers,2019-05-27,Delhi,Cochin,09:00:00,19:15:00,615,1.0,No Info,15898
Jet Airways,2019-04-01,Kolkata,Banglore,08:25:00,09:20:00,1495,1.0,In-flight meal not included,7064
Air India,2019-06-24,Delhi,Cochin,07:00:00,19:15:00,735,1.0,No Info,8879
Indigo,2019-04-15,Delhi,Cochin,06:50:00,16:10:00,560,1.0,No Info,6442
Air India,2019-04-01,Kolkata,Banglore,10:00:00,01:20:00,920,2.0,No Info,10408
Air India,2019-05-18,Delhi,Cochin,06:50:00,07:40:00,1490,2.0,No Info,13591
Multiple Carriers,2019-03-03,Delhi,Cochin,13:05:00,21:20:00,495,2.0,No Info,11966
Jet Airways,2019-05-15,Kolkata,Banglore,20:00:00,08:15:00,735,1.0,In-flight meal not included,8586
Indigo,2019-03-03,Kolkata,Banglore,20:25:00,23:05:00,160,0.0,No Info,6038
Spicejet,2019-05-18,Banglore,Delhi,09:30:00,12:20:00,170,0.0,No Info,4423
Indigo,2019-03-03,Kolkata,Banglore,15:10:00,17:45:00,155,0.0,No Info,6985
Multiple Carriers,2019-03-21,Delhi,Cochin,09:10:00,19:15:00,605,1.0,No Info,8601
Multiple Carriers,2019-06-27,Delhi,Cochin,14:00:00,01:30:00,690,1.0,No Info,13377
Indigo,2019-06-27,Mumbai,Hyderabad,06:25:00,07:55:00,90,0.0,No Info,4049
Jet Airways,2019-03-27,Delhi,Cochin,06:20:00,04:25:00,1325,2.0,No Info,12273
Jet Airways,2019-05-06,Kolkata,Banglore,20:25:00,15:05:00,1120,1.0,No Info,13067
Spicejet,2019-06-01,Banglore,Delhi,05:55:00,08:35:00,160,0.0,No Info,3625
Jet Airways,2019-06-03,Delhi,Cochin,14:00:00,04:25:00,865,1.0,In-flight meal not included,10262
Jet Airways,2019-06-06,Delhi,Cochin,20:55:00,19:00:00,1325,1.0,No Info,14714
Spicejet,2019-05-27,Banglore,Delhi,05:55:00,08:35:00,160,0.0,No Info,3311
Multiple Carriers,2019-03-27,Delhi,Cochin,11:30:00,21:00:00,570,1.0,No Info,12537
Air India,2019-06-01,Chennai,Kolkata,11:40:00,13:55:00,135,0.0,No Info,4667
Spicejet,2019-03-03,Banglore,New Delhi,20:30:00,23:20:00,170,0.0,No Info,6860
Jet Airways,2019-06-06,Delhi,Cochin,10:00:00,19:00:00,540,1.0,No Info,14714
Spicejet,2019-05-15,Banglore,Delhi,05:55:00,08:35:00,160,0.0,No check-in baggage included,3257
Spicejet,2019-05-24,Mumbai,Hyderabad,05:45:00,07:15:00,90,0.0,No check-in baggage included,1965
Multiple Carriers,2019-03-06,Delhi,Cochin,07:10:00,21:20:00,850,2.0,In-flight meal not included,7731
Spicejet,2019-04-24,Kolkata,Banglore,15:05:00,20:20:00,315,1.0,No Info,4859
Jet Airways,2019-03-24,Kolkata,Banglore,06:30:00,23:25:00,1015,1.0,In-flight meal not included,8824
